General : Start date,"11/2/2020 3:42 PM"
General : End date,"11/2/2020 3:44 PM"
Specimen notes : Specimen note 1,""
Test : Rate 1,"2.00000",mm/min

Time,Extension,Load
(s),(mm),(N)
"0.00000","0.00010","-0.13246"
"0.10000","0.00050","-1.77751"
"0.20000","0.00202","0.31797"
"0.30000","0.00665","10.57994"
"0.40000","0.01270","31.56762"
"0.50000","0.01593","42.22205"
"0.60000","0.01986","54.31472"
"0.70000","0.02308","65.47598"
"0.80000","0.02641","76.00194"
"0.90000","0.03034","89.38871"
"1.00000","0.03326","97.87010"
"1.10000","0.03649","108.16263"
"1.20000","0.03991","119.63097"
"1.30000","0.04284","129.39941"
"1.40000","0.04626","137.92781"
"1.50000","0.05020","151.78304"
"1.60000","0.05302","160.04196"
"1.70000","0.05665","170.61180"
"1.80000","0.06027","182.45850"
"1.90000","0.06320","191.31903"
"2.00000","0.06693","201.94917"
"2.10000","0.07005","213.45119"
"2.20000","0.07308","221.61847"
"2.30000","0.07701","232.71942"
"2.40000","0.08003","242.21681"
"2.50000","0.08285","250.28461"
"2.60000","0.08719","261.75842"
"2.70000","0.09041","273.51270"
"2.80000","0.09313","280.05215"
"2.90000","0.09717","290.68622"
"3.00000","0.10009","301.09781"
"3.10000","0.10301","309.31207"
"3.20000","0.10684","320.60727"
"3.30000","0.10997","330.74628"
"3.40000","0.11309","339.51752"
"3.50000","0.11672","350.33881"
"3.60000","0.12005","360.96738"
"3.70000","0.12327","370.25717"
"3.80000","0.12680","380.30139"
"3.90000","0.13023","390.83203"
"4.00000","0.13335","399.77328"
"4.10000","0.13708","410.79587"
"4.20000","0.14020","419.80212"
"4.30000","0.14343","429.10526"
"4.40000","0.14696","439.02881"
"4.50000","0.15008","448.91476"
"4.60000","0.15321","457.84189"
"4.70000","0.15673","468.21982"
"4.80000","0.15986","476.15756"
"4.90000","0.16308","486.80020"
"5.00000","0.16702","498.13147"
"5.10000","0.17014","508.97473"
"5.20000","0.17286","516.24426"
"5.30000","0.17679","527.85284"
"5.40000","0.18042","539.31641"
"5.50000","0.18344","548.23572"
"5.60000","0.18707","559.80829"
"5.70000","0.19010","568.62024"
"5.80000","0.19322","577.41418"
"5.90000","0.19715","590.52527"
"6.00000","0.20008","599.69836"
"6.10000","0.20320","608.44843"
"6.20000","0.20703","619.92224"
"6.30000","0.20985","629.28021"
"6.40000","0.21308","638.01855"
"6.50000","0.21691","650.44104"
"6.60000","0.21973","659.52014"
"6.70000","0.22296","668.37280"
"6.80000","0.22689","680.63391"
"6.90000","0.22991","689.65741"
"7.00000","0.23334","700.08075"
"7.10000","0.23717","712.63251"
"7.20000","0.23999","720.62115"
"7.30000","0.24342","729.55292"
"7.40000","0.24715","742.76508"
"7.50000","0.24987","750.99573"
"7.60000","0.25340","759.98560"
"7.70000","0.25692","772.34772"
"7.80000","0.25944","780.80713"
"7.90000","0.26307","789.80316"
"8.00000","0.26690","802.86646"
"8.10000","0.26993","811.93066"
"8.20000","0.27335","820.79749"
"8.30000","0.27678","833.40247"
"8.40000","0.27960","841.65350"
"8.50000","0.28343","852.88379"
"8.60000","0.28676","863.59772"
"8.70000","0.28978","872.24438"
"8.80000","0.29361","883.45587"
"8.90000","0.29684","894.48077"
"9.00000","0.29996","904.29395"
"9.10000","0.30379","915.47156"
"9.20000","0.30641","923.91064"
"9.30000","0.30944","931.35413"
"9.40000","0.31347","943.98029"
"9.50000","0.31679","955.03583"
"9.60000","0.31972","963.50934"
"9.70000","0.32365","975.00745"
"9.80000","0.32657","983.80762"
"9.90000","0.32990","993.45160"
"10.00000","0.33353","1004.65045"
"10.10000","0.33655","1014.83801"
"10.20000","0.33988","1023.85675"
"10.30000","0.34361","1035.19275"
"10.40000","0.34653","1045.52905"
"10.50000","0.34985","1053.61963"
"10.60000","0.35389","1067.03699"
"10.70000","0.35701","1076.53906"
"10.80000","0.36003","1085.42383"
"10.90000","0.36366","1095.79077"
"11.00000","0.36709","1105.90552"
"11.10000","0.37001","1115.03943"
"11.20000","0.37344","1125.85291"
"11.30000","0.37667","1134.93665"
"11.40000","0.37979","1144.88843"
"11.50000","0.38322","1155.61890"
"11.60000","0.38664","1165.67163"
"11.70000","0.38987","1174.44373"
"11.80000","0.39340","1185.52112"
"11.90000","0.39672","1196.43408"
"12.00000","0.39985","1205.00085"
"12.10000","0.40368","1215.79626"
"12.20000","0.40700","1227.09705"
"12.30000","0.40983","1234.86560"
"12.40000","0.41356","1245.34912"
"12.50000","0.41678","1255.77576"
"12.60000","0.42001","1265.13208"
"12.70000","0.42374","1276.09827"
"12.80000","0.42666","1285.92004"
"12.90000","0.42988","1294.73828"
"13.00000","0.43392","1306.76587"
"13.10000","0.43674","1315.83557"
"13.20000","0.43976","1323.41772"
"13.30000","0.44349","1335.06458"
"13.40000","0.44621","1343.54285"
"13.50000","0.44964","1352.40894"
"13.60000","0.45377","1365.65869"
"13.70000","0.45660","1374.83716"
"13.80000","0.45982","1383.40393"
"13.90000","0.46405","1396.19312"
"14.00000","0.46667","1404.74890"
"14.10000","0.46980","1413.10657"
"14.20000","0.47383","1426.84741"
"14.30000","0.47675","1435.09448"
"14.40000","0.48008","1444.71411"
"14.50000","0.48381","1457.15234"
"14.60000","0.48663","1464.78296"
"14.70000","0.49016","1474.55847"
"14.80000","0.49359","1486.04553"
"14.90000","0.49631","1493.65820"
"15.00000","0.49994","1503.34998"
"15.10000","0.50346","1515.62903"
"15.20000","0.50619","1523.62878"
"15.30000","0.50981","1532.62402"
"15.40000","0.51334","1545.66833"
"15.50000","0.51637","1554.13098"
"15.60000","0.52010","1563.78748"
"15.70000","0.52342","1575.94983"
"15.80000","0.52665","1584.59729"
"15.90000","0.53017","1594.75586"
"16.00000","0.53330","1604.47729"
"16.10000","0.53632","1613.73889"
"16.20000","0.54066","1626.49658"
"16.30000","0.54338","1635.46448"
"16.40000","0.54620","1643.50012"
"16.50000","0.55043","1655.12280"
"16.60000","0.55346","1666.05151"
"16.70000","0.55638","1673.45251"
"16.80000","0.56021","1685.04236"
"16.90000","0.56313","1694.00708"
"17.00000","0.56636","1701.87109"
"17.10000","0.57059","1714.91016"
"17.20000","0.57352","1725.07117"
"17.30000","0.57644","1732.13684"
"17.40000","0.58037","1743.32019"
"17.50000","0.58370","1753.52173"
"17.60000","0.58692","1762.69946"
"17.70000","0.59035","1772.37415"
"17.80000","0.59347","1782.67432"
"17.90000","0.59670","1792.07544"
"18.00000","0.60013","1802.10718"
"18.10000","0.60335","1810.99585"
"18.20000","0.60648","1820.85205"
"18.30000","0.61020","1831.06946"
"18.40000","0.61343","1841.20837"
"18.50000","0.61666","1850.89758"
"18.60000","0.62028","1860.96863"
"18.70000","0.62341","1870.15808"
"18.80000","0.62663","1878.09033"
"18.90000","0.63036","1890.18774"
"19.00000","0.63359","1899.76819"
"19.10000","0.63671","1907.96448"
"19.20000","0.64044","1919.30981"
"19.30000","0.64337","1928.17188"
"19.40000","0.64659","1937.04260"
"19.50000","0.65042","1948.26648"
"19.60000","0.65334","1957.76318"
"19.70000","0.65637","1965.73694"
"19.80000","0.66040","1977.87512"
"19.90000","0.66312","1985.89197"
"20.00000","0.66615","1993.57666"
"20.10000","0.67038","2005.70447"
"20.20000","0.67350","2015.15332"
"20.30000","0.67653","2022.49500"
"20.40000","0.68016","2033.26843"
"20.50000","0.68308","2042.58972"
"20.60000","0.68651","2051.64355"
"20.70000","0.69044","2063.33276"
"20.80000","0.69316","2071.84326"
"20.90000","0.69658","2079.55542"
"21.00000","0.70062","2092.59375"
"21.10000","0.70374","2101.61011"
"21.20000","0.70707","2110.95947"
"21.30000","0.71019","2120.13501"
"21.40000","0.71301","2127.41382"
"21.50000","0.71644","2136.78833"
"21.60000","0.72027","2147.90967"
"21.70000","0.72299","2155.85132"
"21.80000","0.72652","2165.40649"
"21.90000","0.73005","2177.35986"
"22.00000","0.73297","2183.94873"
"22.10000","0.73660","2194.74878"
"22.20000","0.74013","2205.43677"
"22.30000","0.74305","2212.93896"
"22.40000","0.74688","2222.64502"
"22.50000","0.75011","2233.30811"
"22.60000","0.75313","2240.93311"
"22.70000","0.75686","2250.27393"
"22.80000","0.76019","2260.45581"
"22.90000","0.76321","2268.92261"
"23.00000","0.76714","2278.85620"
"23.10000","0.77006","2288.22681"
"23.20000","0.77299","2294.99805"
"23.30000","0.77682","2305.79517"
"23.40000","0.77994","2314.87891"
"23.50000","0.78286","2322.53540"
"23.60000","0.78669","2333.03931"
"23.70000","0.78992","2342.05273"
"23.80000","0.79315","2349.26733"
"23.90000","0.79687","2359.41504"
"24.00000","0.80010","2367.63159"
"24.10000","0.80343","2375.95483"
"24.20000","0.80726","2385.59717"
"24.30000","0.81038","2394.16870"
"24.40000","0.81330","2400.35181"
"24.50000","0.81683","2408.73901"
"24.60000","0.82016","2417.09595"
"24.70000","0.82348","2425.73315"
"24.80000","0.82701","2434.03125"
"24.90000","0.83004","2441.12622"
"25.00000","0.83316","2447.95386"
"25.10000","0.83689","2456.90356"
"25.20000","0.84011","2464.66895"
"25.30000","0.84304","2470.22632"
"25.40000","0.84657","2477.33594"
"25.50000","0.84989","2485.94043"
"25.60000","0.85322","2492.33032"
"25.70000","0.85705","2501.57129"
"25.80000","0.86017","2508.75171"
"25.90000","0.86320","2515.30908"
"26.00000","0.86683","2523.39331"
"26.10000","0.87005","2530.70996"
"26.20000","0.87328","2536.66895"
"26.30000","0.87680","2545.23633"
"26.40000","0.88013","2551.84644"
"26.50000","0.88356","2558.38354"
"26.60000","0.88719","2567.17358"
"26.70000","0.89001","2573.06592"
"26.80000","0.89313","2578.68188"
"26.90000","0.89686","2587.30908"
"27.00000","0.89958","2592.18628"
"27.10000","0.90301","2599.74561"
"27.20000","0.90694","2608.66333"
"27.30000","0.90966","2614.88623"
"27.40000","0.91319","2621.32153"
"27.50000","0.91742","2631.41113"
"27.60000","0.92004","2636.96265"
"27.70000","0.92337","2642.55444"
"27.80000","0.92720","2652.35596"
"27.90000","0.92992","2657.41309"
"28.00000","0.93325","2662.57324"
"28.10000","0.93718","2672.20215"
"28.20000","0.94000","2677.10278"
"28.30000","0.94363","2683.50757"
"28.40000","0.94675","2691.62549"
"28.50000","0.94938","2694.77295"
"28.60000","0.95300","2701.99561"
"28.70000","0.95673","2711.73340"
"28.80000","0.95956","2717.22070"
"28.90000","0.96318","2723.80029"
"29.00000","0.96671","2732.68579"
"29.10000","0.97004","2738.82104"
"29.20000","0.97397","2746.81592"
"29.30000","0.97689","2753.32886"
"29.40000","0.97992","2757.95850"
"29.50000","0.98375","2766.54639"
"29.60000","0.98667","2772.48438"
"29.70000","0.98979","2777.78979"
"29.80000","0.99372","2786.59546"
"29.90000","0.99655","2792.84595"
"30.00000","0.99957","2796.99316"
"30.10000","1.00370","2806.52881"
"30.20000","1.00673","2813.43433"
"30.30000","1.00965","2817.87036"
"30.40000","1.01368","2826.42310"
"30.50000","1.01671","2833.55713"
"30.60000","1.01973","2838.66382"
"30.70000","1.02356","2846.18481"
"30.80000","1.02658","2852.88403"
"30.90000","1.02981","2859.03027"
"31.00000","1.03374","2867.28687"
"31.10000","1.03696","2874.62524"
"31.20000","1.04009","2880.48169"
"31.30000","1.04372","2887.37524"
"31.40000","1.04704","2894.74976"
"31.50000","1.04997","2899.58765"
"31.60000","1.05339","2906.59009"
"31.70000","1.05652","2912.56250"
"31.80000","1.05964","2918.45093"
"31.90000","1.06317","2924.96069"
"32.00000","1.06650","2931.82275"
"32.10000","1.06992","2938.56592"
"32.20000","1.07345","2946.06201"
"32.30000","1.07688","2952.02319"
"32.40000","1.07990","2958.35498"
"32.50000","1.08343","2964.81152"
"32.60000","1.08676","2971.28760"
"32.70000","1.08998","2977.56519"
"32.80000","1.09371","2984.94141"
"32.90000","1.09674","2991.37134"
"33.00000","1.10006","2996.67627"
"33.10000","1.10399","3004.98682"
"33.20000","1.10712","3010.76318"
"33.30000","1.11024","3016.25366"
"33.40000","1.11367","3023.40894"
"33.50000","1.11649","3027.59448"
"33.60000","1.11941","3033.00830"
"33.70000","1.12365","3041.93848"
"33.80000","1.12657","3047.84351"
"33.90000","1.12949","3051.78223"
"34.00000","1.13373","3060.63330"
"34.10000","1.13655","3066.25146"
"34.20000","1.13977","3071.33618"
"34.30000","1.14381","3080.34009"
"34.40000","1.14673","3086.31177"
"34.50000","1.14995","3090.90381"
"34.60000","1.15378","3099.65698"
"34.70000","1.15681","3104.35156"
"34.80000","1.16013","3110.42432"
"34.90000","1.16366","3118.40039"
"35.00000","1.16648","3122.10645"
"35.10000","1.16991","3128.14258"
"35.20000","1.17334","3136.68286"
"35.30000","1.17616","3140.55762"
"35.40000","1.17979","3148.24927"
"35.50000","1.18332","3154.84888"
"35.60000","1.18624","3159.44971"
"35.70000","1.19017","3167.27466"
"35.80000","1.19360","3175.16284"
"35.90000","1.19652","3178.93652"
"36.00000","1.20035","3186.07568"
"36.10000","1.20358","3192.99780"
"36.20000","1.20650","3197.46729"
"36.30000","1.21033","3204.57812"
"36.40000","1.21366","3213.29199"
"36.50000","1.21648","3215.72827"
"36.60000","1.22021","3222.96802"
"36.70000","1.22353","3230.91602"
"36.80000","1.22656","3234.79443"
"36.90000","1.23019","3241.53979"
"37.00000","1.23331","3248.39722"
"37.10000","1.23623","3252.78052"
"37.20000","1.24006","3259.21631"
"37.30000","1.24359","3267.40332"
"37.40000","1.24651","3273.07324"
"37.50000","1.24994","3277.90503"
"37.60000","1.25327","3285.61060"
"37.70000","1.25659","3291.03467"
"37.80000","1.26032","3298.37378"
"37.90000","1.26335","3304.55371"
"38.00000","1.26657","3310.14868"
"38.10000","1.27030","3316.70117"
"38.20000","1.27353","3323.24023"
"38.30000","1.27685","3328.31641"
"38.40000","1.28048","3334.65381"
"38.50000","1.28351","3341.04565"
"38.60000","1.28663","3346.14844"
"38.70000","1.29016","3352.41455"
"38.80000","1.29338","3358.73145"
"38.90000","1.29621","3363.79810"
"39.00000","1.30004","3369.88354"
"39.10000","1.30336","3375.96680"
"39.20000","1.30629","3381.40430"
"39.30000","1.31032","3388.47485"
"39.40000","1.31364","3396.14233"
"39.50000","1.31667","3400.54004"
"39.60000","1.32040","3407.58154"
"39.70000","1.32352","3414.92334"
"39.80000","1.32665","3419.15332"
"39.90000","1.33038","3425.81421"
"40.00000","1.33350","3432.74927"
"40.10000","1.33642","3435.98242"
"40.20000","1.34015","3444.16748"
"40.30000","1.34338","3449.21606"
"40.40000","1.34680","3455.63110"
"40.50000","1.35023","3462.65479"
"40.60000","1.35305","3467.22266"
"40.70000","1.35628","3471.95239"
"40.80000","1.36031","3480.22388"
"40.90000","1.36323","3486.06299"
"41.00000","1.36656","3490.84912"
"41.10000","1.37049","3498.52222"
"41.20000","1.37351","3503.07446"
"41.30000","1.37714","3509.14087"
"41.40000","1.38057","3517.19897"
"41.50000","1.38299","3519.23340"
"41.60000","1.38632","3524.25024"
"41.70000","1.39015","3532.23877"
"41.80000","1.39317","3537.47876"
"41.90000","1.39650","3542.34155"
"42.00000","1.40012","3550.98926"
"42.10000","1.40305","3555.27100"
"42.20000","1.40658","3560.59717"
"42.30000","1.41010","3568.25732"
"42.40000","1.41293","3571.86938"
"42.50000","1.41655","3577.58887"
"42.60000","1.42018","3585.71069"
"42.70000","1.42321","3589.93384"
"42.80000","1.42694","3595.76904"
"42.90000","1.43016","3603.06421"
"43.00000","1.43308","3606.95190"
"43.10000","1.43691","3613.14673"
"43.20000","1.44014","3619.69946"
"43.30000","1.44316","3623.75342"
"43.40000","1.44699","3631.24658"
"43.50000","1.45002","3637.07837"
"43.60000","1.45304","3640.72949"
"43.70000","1.45697","3649.30664"
"43.80000","1.46000","3655.18677"
"43.90000","1.46292","3657.83838"
"44.00000","1.46685","3665.04126"
"44.10000","1.46987","3671.79663"
"44.20000","1.47290","3675.45605"
"44.30000","1.47693","3682.90723"
"44.40000","1.48046","3690.63013"
"44.50000","1.48328","3693.27808"
"44.60000","1.48681","3699.66260"
"44.70000","1.49023","3706.64111"
"44.80000","1.49336","3711.92798"
"44.90000","1.49709","3718.34009"
"45.00000","1.50021","3723.73413"
"45.10000","1.50334","3728.02051"
"45.20000","1.50697","3734.27783"
"45.30000","1.51049","3740.98340"
"45.40000","1.51342","3745.80298"
"45.50000","1.51644","3750.53809"
"45.60000","1.51977","3756.24341"
"45.70000","1.52299","3761.30786"
"45.80000","1.52662","3768.33301"
"45.90000","1.53025","3774.82983"
"46.00000","1.53317","3779.56323"
"46.10000","1.53690","3785.77734"
"46.20000","1.54033","3792.20581"
"46.30000","1.54345","3797.23730"
"46.40000","1.54708","3803.46802"
"46.50000","1.55021","3809.22046"
"46.60000","1.55353","3814.23389"
"46.70000","1.55716","3820.88989"
"46.80000","1.56008","3826.96729"
"46.90000","1.56331","3830.29590"
"47.00000","1.56694","3838.40723"
"47.10000","1.56986","3842.17456"
"47.20000","1.57288","3846.09985"
"47.30000","1.57692","3854.70654"
"47.40000","1.57994","3859.46143"
"47.50000","1.58296","3863.66162"
"47.60000","1.58700","3871.40552"
"47.70000","1.59002","3877.18335"
"47.80000","1.59314","3880.96948"
"47.90000","1.59728","3889.57153"
"48.00000","1.60000","3895.08936"
"48.10000","1.60302","3898.29956"
"48.20000","1.60695","3906.02417"
"48.30000","1.61018","3912.36694"
"48.40000","1.61330","3916.42480"
"48.50000","1.61733","3924.72510"
"48.60000","1.61996","3929.03540"
"48.70000","1.62318","3933.02808"
"48.80000","1.62681","3940.08301"
"48.90000","1.62973","3945.43262"
"49.00000","1.63296","3949.92114"
"49.10000","1.63669","3957.99829"
"49.20000","1.63961","3962.27246"
"49.30000","1.64344","3968.08081"
"49.40000","1.64717","3976.84204"
"49.50000","1.64979","3979.51709"
"49.60000","1.65332","3985.71118"
"49.70000","1.65674","3992.28369"
"49.80000","1.65967","3995.99585"
"49.90000","1.66360","4002.61841"
"50.00000","1.66693","4010.58423"
"50.10000","1.66975","4013.46021"
"50.20000","1.67378","4020.37012"
"50.30000","1.67690","4027.32153"
"50.40000","1.67973","4029.55078"
"50.50000","1.68356","4036.09644"
"50.60000","1.68678","4042.82666"
"50.70000","1.68960","4046.21362"
"50.80000","1.69323","4052.48145"
"50.90000","1.69666","4059.56763"
"51.00000","1.69958","4063.48193"
"51.10000","1.70341","4070.15088"
"51.20000","1.70684","4077.76880"
"51.30000","1.71006","4082.82544"
"51.40000","1.71369","4089.13306"
"51.50000","1.71692","4094.48120"
"51.60000","1.71994","4099.56348"
"51.70000","1.72347","4104.86670"
"51.80000","1.72690","4111.31250"
"51.90000","1.73022","4117.17188"
"52.00000","1.73355","4121.87598"
"52.10000","1.73657","4127.10400"
"52.20000","1.73990","4131.86865"
"52.30000","1.74363","4138.92627"
"52.40000","1.74665","4144.82373"
"52.50000","1.74998","4149.67334"
"52.60000","1.75351","4155.83984"
"52.70000","1.75653","4161.17285"
"52.80000","1.75966","4165.60010"
"52.90000","1.76369","4172.87451"
"53.00000","1.76691","4179.89502"
"53.10000","1.76994","4182.99951"
"53.20000","1.77387","4189.95264"
"53.30000","1.77699","4196.45752"
"53.40000","1.78012","4200.86621"
"53.50000","1.78374","4208.12549"
"53.60000","1.78647","4211.09814"
"53.70000","1.78959","4216.45264"
"53.80000","1.79342","4222.64258"
"53.90000","1.79675","4229.43213"
"54.00000","1.79967","4233.21631"
"54.10000","1.80360","4241.39258"
"54.20000","1.80683","4246.66650"
"54.30000","1.80975","4250.14355"
"54.40000","1.81348","4256.61914"
"54.50000","1.81660","4262.16162"
"54.60000","1.81983","4266.68066"
"54.70000","1.82376","4274.42432"
"54.80000","1.82648","4278.37500"
"54.90000","1.83001","4283.27930"
"55.00000","1.83384","4291.81006"
"55.10000","1.83666","4295.57617"
"55.20000","1.83989","4300.73877"
"55.30000","1.84382","4308.53125"
"55.40000","1.84664","4312.49268"
"55.50000","1.84997","4317.06689"
"55.60000","1.85360","4325.31641"
"55.70000","1.85632","4328.12744"
"55.80000","1.85974","4331.69678"
"55.90000","1.86367","4340.67188"
"56.00000","1.86650","4344.03809"
"56.10000","1.86982","4348.17188"
"56.20000","1.87345","4355.31592"
"56.30000","1.87648","4359.36621"
"56.40000","1.88010","4364.69336"
"56.50000","1.88383","4371.81592"
"56.60000","1.88676","4374.97559"
"56.70000","1.89018","4380.33887"
"56.80000","1.89351","4386.28662"
"56.90000","1.89663","4389.60498"
"57.00000","1.90036","4395.57959"
"57.10000","1.90339","4400.85303"
"57.20000","1.90641","4404.01123"
"57.30000","1.91014","4410.34375"
"57.40000","1.91347","4417.35156"
"57.50000","1.91659","4420.52539"
"57.60000","1.91992","4425.64355"
"57.70000","1.92314","4431.83740"
"57.80000","1.92617","4435.62695"
"57.90000","1.93010","4442.09668"
"58.00000","1.93352","4449.08936"
"58.10000","1.93655","4452.35547"
"58.20000","1.94028","4458.41162"
"58.30000","1.94370","4465.36182"
"58.40000","1.94663","4468.50342"
"58.50000","1.95026","4473.48682"
"58.60000","1.95358","4480.05469"
"58.70000","1.95671","4484.82520"
"58.80000","1.96013","4489.54883"
"58.90000","1.96336","4495.24609"
"59.00000","1.96648","4500.23047"
"59.10000","1.96981","4504.60498"
"59.20000","1.97324","4511.06348"
"59.30000","1.97646","4516.01514"
"59.40000","1.97999","4521.24414"
"59.50000","1.98352","4527.51562"
"59.60000","1.98654","4531.84375"
"59.70000","1.99017","4537.02246"
"59.80000","1.99360","4542.99951"
"59.90000","1.99662","4547.01123"
"60.00000","2.00025","4552.17969"
"60.10000","2.00337","4558.05029"
"60.20000","2.00660","4561.61523"
"60.30000","2.01033","4568.20020"
"60.40000","2.01345","4573.78564"
"60.50000","2.01668","4578.13916"
"60.60000","2.02081","4586.14209"
"60.70000","2.02323","4589.18408"
"60.80000","2.02615","4591.90918"
"60.90000","2.03019","4598.49463"
"61.00000","2.03321","4604.06348"
"61.10000","2.03623","4607.14160"
"61.20000","2.04037","4615.43896"
"61.30000","2.04329","4619.05420"
"61.40000","2.04651","4622.78369"
"61.50000","2.05085","4631.95361"
"61.60000","2.05337","4635.38672"
"61.70000","2.05619","4637.14697"
"61.80000","2.06032","4645.50635"
"61.90000","2.06345","4650.63184"
"62.00000","2.06667","4654.14502"
"62.10000","2.07050","4661.76172"
"62.20000","2.07332","4665.80371"
"62.30000","2.07675","4671.16748"
"62.40000","2.08028","4677.70703"
"62.50000","2.08300","4680.57812"
"62.60000","2.08623","4685.21289"
"62.70000","2.09006","4692.95068"
"62.80000","2.09308","4697.35986"
"62.90000","2.09651","4701.32959"
"63.00000","2.10024","4710.19434"
"63.10000","2.10336","4714.27734"
"63.20000","2.10699","4719.44434"
"63.30000","2.11032","4726.05566"
"63.40000","2.11324","4728.48584"
"63.50000","2.11707","4735.62451"
"63.60000","2.12019","4741.52246"
"63.70000","2.12292","4743.32812"
"63.80000","2.12695","4750.15967"
"63.90000","2.13037","4756.58545"
"64.00000","2.13310","4760.08398"
"64.10000","2.13683","4765.89258"
"64.20000","2.14005","4771.97070"
"64.30000","2.14277","4774.76074"
"64.40000","2.14650","4780.02441"
"64.50000","2.15003","4788.15186"
"64.60000","2.15346","4792.71143"
"64.70000","2.15698","4798.31641"
"64.80000","2.16011","4803.42334"
"64.90000","2.16333","4807.88477"
"65.00000","2.16696","4813.62646"
"65.10000","2.17039","4819.72266"
"65.20000","2.17331","4823.95654"
"65.30000","2.17674","4828.04053"
"65.40000","2.18017","4834.28662"
"65.50000","2.18369","4839.88379"
"65.60000","2.18692","4844.99023"
"65.70000","2.18974","4848.34521"
"65.80000","2.19317","4853.38965"
"65.90000","2.19660","4858.28076"
"66.00000","2.19992","4864.08496"
"66.10000","2.20325","4869.81104"
"66.20000","2.20668","4875.84375"
"66.30000","2.21000","4880.76904"
"66.40000","2.21313","4885.03955"
"66.50000","2.21675","4890.75098"
"66.60000","2.22008","4896.57471"
"66.70000","2.22321","4901.18848"
"66.80000","2.22704","4906.61719"
"66.90000","2.23016","4912.04395"
"67.00000","2.23318","4915.80029"
"67.10000","2.23711","4923.41309"
"67.20000","2.24014","4928.64795"
"67.30000","2.24316","4932.55566"
"67.40000","2.24709","4938.51660"
"67.50000","2.25012","4944.65967"
"67.60000","2.25294","4947.17920"
"67.70000","2.25677","4953.04785"
"67.80000","2.25999","4959.18604"
"67.90000","2.26302","4962.97461"
"68.00000","2.26665","4968.53760"
"68.10000","2.26997","4974.74316"
"68.20000","2.27320","4979.20947"
"68.30000","2.27703","4986.77637"
"68.40000","2.28015","4991.70068"
"68.50000","2.28338","4995.21289"
"68.60000","2.28741","5002.39941"
"68.70000","2.29043","5007.72656"
"68.80000","2.29326","5009.47510"
"68.90000","2.29699","5016.95508"
"69.00000","2.29981","5021.06201"
"69.10000","2.30324","5025.36279"
"69.20000","2.30696","5032.10059"
"69.30000","2.30959","5034.79443"
"69.40000","2.31301","5039.94482"
"69.50000","2.31704","5048.46240"
"69.60000","2.31997","5054.04248"
"69.70000","2.32329","5056.78955"
"69.80000","2.32682","5063.71289"
"69.90000","2.32964","5066.79590"
"70.00000","2.33317","5071.29590"
"70.10000","2.33730","5079.76172"
"70.20000","2.34023","5084.43408"
"70.30000","2.34365","5089.93896"
"70.40000","2.34728","5096.48486"
"70.50000","2.34990","5098.33008"
"70.60000","2.35353","5104.19336"
"70.70000","2.35696","5110.84766"
"70.80000","2.35968","5113.68555"
"70.90000","2.36321","5118.78369"
"71.00000","2.36674","5127.25391"
"71.10000","2.36966","5130.52930"
"71.20000","2.37329","5135.06348"
"71.30000","2.37671","5142.59131"
"71.40000","2.37994","5147.25928"
"71.50000","2.38357","5152.56348"
"71.60000","2.38689","5158.90234"
"71.70000","2.39002","5162.32715"
"71.80000","2.39345","5167.99854"
"71.90000","2.39677","5173.82275"
"72.00000","2.39990","5177.93018"
"72.10000","2.40342","5183.80420"
"72.20000","2.40675","5189.16357"
"72.30000","2.40998","5194.28809"
"72.40000","2.41360","5199.82422"
"72.50000","2.41683","5205.68604"
"72.60000","2.42006","5210.91016"
"72.70000","2.42378","5216.27295"
"72.80000","2.42651","5220.08008"
"72.90000","2.42953","5223.22314"
"73.00000","2.43316","5229.13184"
"73.10000","2.43669","5235.80127"
"73.20000","2.43981","5240.12939"
"73.30000","2.44344","5244.85693"
"73.40000","2.44687","5252.01221"
"73.50000","2.45009","5256.49609"
"73.60000","2.45382","5262.81689"
"73.70000","2.45695","5266.66016"
"73.80000","2.45987","5270.54834"
"73.90000","2.46360","5278.09912"
"74.00000","2.46672","5282.85303"
"74.10000","2.46995","5286.61230"
"74.20000","2.47368","5291.95068"
"74.30000","2.47660","5297.60889"
"74.40000","2.47983","5302.06152"
"74.50000","2.48356","5308.32764"
"74.60000","2.48628","5312.08008"
"74.70000","2.48940","5316.16748"
"74.80000","2.49343","5323.33643"
"74.90000","2.49656","5329.15918"
"75.00000","2.49968","5332.17285"
"75.10000","2.50392","5341.57422"
"75.20000","2.50674","5345.52441"
"75.30000","2.50976","5348.03955"
"75.40000","2.51389","5355.65967"
"75.50000","2.51682","5361.25830"
"75.60000","2.51984","5365.06934"
"75.70000","2.52387","5372.19141"
"75.80000","2.52659","5376.11914"
"75.90000","2.52962","5380.19580"
"76.00000","2.53345","5386.71729"
"76.10000","2.53667","5391.42920"
"76.20000","2.53990","5395.48779"
"76.30000","2.54353","5402.99365"
"76.40000","2.54635","5407.34473"
"76.50000","2.54988","5411.52051"
"76.60000","2.55361","5418.96680"
"76.70000","2.55703","5424.96143"
"76.80000","2.56046","5430.11914"
"76.90000","2.56348","5434.92432"
"77.00000","2.56671","5437.24170"
"77.10000","2.57044","5443.64209"
"77.20000","2.57356","5450.39697"
"77.30000","2.57629","5452.08057"
"77.40000","2.58012","5457.80273"
"77.50000","2.58354","5465.46191"
"77.60000","2.58647","5469.38965"
"77.70000","2.59030","5474.78369"
"77.80000","2.59322","5479.14111"
"77.90000","2.59614","5482.20410"
"78.00000","2.59987","5488.93311"
"78.10000","2.60350","5495.71973"
"78.20000","2.60642","5499.39209"
"78.30000","2.60995","5504.82373"
"78.40000","2.61368","5512.31592"
"78.50000","2.61670","5515.59375"
"78.60000","2.61993","5519.23633"
"78.70000","2.62356","5526.51660"
"78.80000","2.62678","5530.92383"
"78.90000","2.63011","5535.58008"
"79.00000","2.63364","5541.77637"
"79.10000","2.63686","5547.41650"
"79.20000","2.64009","5551.35400"
"79.30000","2.64341","5556.98633"
"79.40000","2.64664","5561.48877"
"79.50000","2.64997","5566.26709"
"79.60000","2.65319","5571.69580"
"79.70000","2.65672","5576.74268"
"79.80000","2.66015","5582.16797"
"79.90000","2.66337","5588.08838"
"80.00000","2.66650","5592.05518"
"80.10000","2.67002","5597.56250"
"80.20000","2.67355","5604.22559"
"80.30000","2.67668","5609.07764"
"80.40000","2.68020","5615.00928"
"80.50000","2.68353","5619.91504"
"80.60000","2.68676","5624.16211"
"80.70000","2.69079","5631.94873"
"80.80000","2.69391","5638.11865"
"80.90000","2.69653","5639.66162"
"81.00000","2.70036","5644.92432"
"81.10000","2.70349","5650.84131"
"81.20000","2.70631","5654.60791"
"81.30000","2.71024","5660.96436"
"81.40000","2.71326","5666.22510"
"81.50000","2.71619","5669.26465"
"81.60000","2.72042","5676.74854"
"81.70000","2.72365","5684.12451"
"81.80000","2.72637","5685.04736"
"81.90000","2.73030","5692.83594"
"82.00000","2.73352","5698.52930"
"82.10000","2.73655","5701.61572"
"82.20000","2.74058","5708.91797"
"82.30000","2.74360","5713.68213"
"82.40000","2.74663","5717.42334"
"82.50000","2.75046","5724.64160"
"82.60000","2.75308","5727.79541"
"82.70000","2.75630","5731.60254"
"82.80000","2.76013","5739.84473"
"82.90000","2.76285","5743.01123"
"83.00000","2.76628","5746.74951"
"83.10000","2.77021","5754.89160"
"83.20000","2.77303","5759.80469"
"83.30000","2.77656","5763.99268"
"83.40000","2.78039","5771.27002"
"83.50000","2.78332","5774.85938"
"83.60000","2.78684","5779.68164"
"83.70000","2.79037","5787.32422"
"83.80000","2.79319","5789.88721"
"83.90000","2.79662","5794.66895"
"84.00000","2.80025","5803.14941"
"84.10000","2.80317","5805.62646"
"84.20000","2.80680","5810.95801"
"84.30000","2.81033","5817.71191"
"84.40000","2.81315","5821.46143"
"84.50000","2.81678","5825.72266"
"84.60000","2.82011","5831.22021"
"84.70000","2.82293","5834.52783"
"84.80000","2.82686","5841.40576"
"84.90000","2.83018","5847.77734"
"85.00000","2.83311","5850.20752"
"85.10000","2.83664","5856.08252"
"85.20000","2.84006","5863.50391"
"85.30000","2.84339","5867.79199"
"85.40000","2.84661","5872.17090"
"85.50000","2.85004","5878.88135"
"85.60000","2.85347","5884.17334"
"85.70000","2.85720","5891.11279"
"85.80000","2.86032","5895.74561"
"85.90000","2.86355","5900.39990"
"86.00000","2.86697","5905.27100"
"86.10000","2.87020","5910.41016"
"86.20000","2.87343","5914.73682"
"86.30000","2.87685","5919.89453"
"86.40000","2.87998","5924.52734"
"86.50000","2.88310","5928.88428"
"86.60000","2.88663","5933.71484"
"86.70000","2.88985","5940.32422"
"86.80000","2.89298","5944.87598"
"86.90000","2.89671","5950.23242"
"87.00000","2.90034","5957.06836"
"87.10000","2.90346","5961.89697"
"87.20000","2.90709","5967.56201"
"87.30000","2.91032","5972.95605"
"87.40000","2.91324","5975.94531"
"87.50000","2.91697","5982.37012"
"87.60000","2.92029","5987.96826"
"87.70000","2.92322","5990.85303"
"87.80000","2.92685","5997.36230"
"87.90000","2.93007","6002.43701"
"88.00000","2.93299","6005.07227"
"88.10000","2.93682","6012.10840"
"88.20000","2.93995","6017.47754"
"88.30000","2.94287","6021.31250"
"88.40000","2.94680","6027.55273"
"88.50000","2.95003","6033.55957"
"88.60000","2.95315","6038.12500"
"88.70000","2.95718","6045.10156"
"88.80000","2.96041","6051.23242"
"88.90000","2.96353","6053.86426"
"89.00000","2.96706","6059.77686"
"89.10000","2.96988","6063.97705"
"89.20000","2.97301","6067.70459"
"89.30000","2.97694","6075.17969"
"89.40000","2.97986","6079.28760"
"89.50000","2.98299","6082.52588"
"89.60000","2.98702","6089.62793"
"89.70000","2.99004","6095.00000"
"89.80000","2.99327","6099.09863"
"89.90000","2.99680","6104.61475"
"90.00000","2.99972","6108.99365"
"90.10000","3.00294","6113.49805"
"90.20000","3.00698","6121.43213"
"90.30000","3.00990","6125.79492"
"90.40000","3.01323","6129.95459"
"90.50000","3.01695","6137.28369"
"90.60000","3.01978","6141.61279"
"90.70000","3.02320","6145.74756"
"90.80000","3.02683","6151.93896"
"90.90000","3.02986","6156.67188"
"91.00000","3.03349","6162.95752"
"91.10000","3.03701","6169.65234"
"91.20000","3.03983","6171.77051"
"91.30000","3.04356","6178.45264"
"91.40000","3.04689","6185.10449"
"91.50000","3.04951","6186.32373"
"91.60000","3.05344","6190.43799"
"91.70000","3.05687","6197.59619"
"91.80000","3.05969","6199.83643"
"91.90000","3.06332","6204.94580"
"92.00000","3.06695","6213.63428"
"92.10000","3.06997","6218.66992"
"92.20000","3.07360","6223.65381"
"92.30000","3.07713","6230.68652"
"92.40000","3.08015","6233.73389"
"92.50000","3.08358","6239.60107"
"92.60000","3.08711","6245.29443"
"92.70000","3.09023","6249.40723"
"92.80000","3.09356","6254.74023"
"92.90000","3.09709","6260.11572"
"93.00000","3.09981","6263.59961"
"93.10000","3.10293","6266.70996"
"93.20000","3.10656","6273.26367"
"93.30000","3.10979","6278.76074"
"93.40000","3.11331","6284.53711"
"93.50000","3.11654","6288.80322"
"93.60000","3.11976","6292.68896"
"93.70000","3.12349","6297.61670"
"93.80000","3.12712","6304.35645"
"93.90000","3.13005","6308.08154"
"94.00000","3.13337","6311.97998"
"94.10000","3.13670","6318.52588"
"94.20000","3.14013","6323.59082"
"94.30000","3.14385","6329.85449"
"94.40000","3.14678","6333.32666"
"94.50000","3.14980","6337.72070"
"94.60000","3.15363","6344.29980"
"94.70000","3.15655","6349.42285"
"94.80000","3.15928","6351.47266"
"94.90000","3.16351","6359.61719"
"95.00000","3.16673","6366.08838"
"95.10000","3.16956","6367.73193"
"95.20000","3.17359","6374.85840"
"95.30000","3.17702","6381.69141"
"95.40000","3.17974","6384.33398"
"95.50000","3.18367","6391.41064"
"95.60000","3.18699","6397.16260"
"95.70000","3.18992","6401.19629"
"95.80000","3.19355","6406.00781"
"95.90000","3.19697","6412.27979"
"96.00000","3.20000","6416.89014"
"96.10000","3.20373","6423.45752"
"96.20000","3.20675","6427.58740"
"96.30000","3.20987","6431.06396"
"96.40000","3.21360","6438.25684"
"96.50000","3.21643","6441.35938"
"96.60000","3.21955","6445.49219"
"96.70000","3.22348","6452.92480"
"96.80000","3.22651","6458.28223"
"96.90000","3.23013","6462.84375"
"97.00000","3.23376","6469.44141"
"97.10000","3.23638","6472.46924"
"97.20000","3.24001","6478.35205"
"97.30000","3.24364","6487.09473"
"97.40000","3.24636","6488.46533"
"97.50000","3.24989","6492.76904"
"97.60000","3.25382","6502.06934"
"97.70000","3.25664","6504.70459"
"97.80000","3.26047","6510.74561"
"97.90000","3.26390","6518.04199"
"98.00000","3.26662","6520.36816"
"98.10000","3.27005","6525.08887"
"98.20000","3.27347","6532.30420"
"98.30000","3.27640","6534.97656"
"98.40000","3.27972","6538.72998"
"98.50000","3.28335","6546.26660"
"98.60000","3.28638","6550.00439"
"98.70000","3.28980","6555.08838"
"98.80000","3.29343","6562.24316"
"98.90000","3.29666","6566.21533"
"99.00000","3.30018","6571.77881"
"99.10000","3.30361","6546.95410"
"99.20000","3.30684","6544.82764"
"99.30000","3.31037","6542.12695"
"99.40000","3.31349","6545.18701"
"99.50000","3.31692","6550.07520"
"99.60000","3.32034","6554.43506"
"99.70000","3.32347","6559.73047"
"99.80000","3.32669","6564.34619"
"99.90000","3.33012","6559.60498"
"100.00000","3.33325","6563.72510"
"100.10000","3.33627","6565.56787"
"100.20000","3.33990","6571.53418"
"100.30000","3.34332","6577.86670"
"100.40000","3.34635","6581.33984"
"100.50000","3.35018","6586.49268"
"100.60000","3.35361","6593.82568"
"100.70000","3.35663","6597.07324"
"100.80000","3.36036","6602.78711"
"100.90000","3.36409","6608.53809"
"101.00000","3.36681","6611.93799"
"101.10000","3.36983","6615.79395"
"101.20000","3.37346","6621.98193"
"101.30000","3.37659","6626.88037"
"101.40000","3.38011","6631.43750"
"101.50000","3.38334","6637.10254"
"101.60000","3.38646","6641.50635"
"101.70000","3.39029","6647.19873"
"101.80000","3.39382","6654.28955"
"101.90000","3.39664","6657.33496"
"102.00000","3.40007","6661.66553"
"102.10000","3.40330","6667.43750"
"102.20000","3.40642","6670.69775"
"102.30000","3.41045","6678.69238"
"102.40000","3.41358","6683.81885"
"102.50000","3.41650","6687.02881"
"102.60000","3.42043","6693.64844"
"102.70000","3.42346","6699.55811"
"102.80000","3.42628","6702.09619"
"102.90000","3.43021","6708.27539"
"103.00000","3.43333","6714.48096"
"103.10000","3.43636","6717.44629"
"103.20000","3.44039","6725.09521"
"103.30000","3.44321","6729.62646"
"103.40000","3.44624","6733.06641"
"103.50000","3.45037","6742.00049"
"103.60000","3.45319","6745.57080"
"103.70000","3.45621","6748.41260"
"103.80000","3.46014","6755.49414"
"103.90000","3.46337","6760.48242"
"104.00000","3.46680","6767.01904"
"104.10000","3.47043","6773.65723"
"104.20000","3.47335","6777.47217"
"104.30000","3.47688","6781.93701"
"104.40000","3.48040","6789.73047"
"104.50000","3.48323","6791.34717"
"104.60000","3.48665","6795.39893"
"104.70000","3.49028","6803.14600"
"104.80000","3.49310","6807.00928"
"104.90000","3.49673","6811.95996"
"105.00000","3.50036","6820.09180"
"105.10000","3.50298","6821.58154"
"105.20000","3.50631","6826.06250"
"105.30000","3.51004","6832.93066"
"105.40000","3.51306","6836.78613"
"105.50000","3.51669","6842.42822"
"105.60000","3.52022","6849.51611"
"105.70000","3.52324","6852.82666"
"105.80000","3.52697","6858.64990"
"105.90000","3.53050","6866.39111"
"106.00000","3.53332","6869.28760"
"106.10000","3.53655","6872.51855"
"106.20000","3.54017","6879.42139"
"106.30000","3.54350","6884.58984"
"106.40000","3.54683","6888.51611"
"106.50000","3.54995","6894.14209"
"106.60000","3.55318","6897.86963"
"106.70000","3.55650","6903.45166"
"106.80000","3.55983","6909.19678"
"106.90000","3.56295","6913.18604"
"107.00000","3.56648","6918.41260"
"107.10000","3.57021","6926.39404"
"107.20000","3.57334","6929.93408"
"107.30000","3.57686","6935.45508"
"107.40000","3.58049","6942.12109"
"107.50000","3.58331","6942.39648"
"107.60000","3.58674","6946.53320"
"107.70000","3.59017","6953.08545"
"107.80000","3.59329","6956.76514"
"107.90000","3.59692","6961.55273"
"108.00000","3.60015","6967.17969"
"108.10000","3.60317","6971.21680"
"108.20000","3.60700","6977.31738"
"108.30000","3.61013","6982.27734"
"108.40000","3.61305","6985.55859"
"108.50000","3.61698","6991.98340"
"108.60000","3.62010","6998.01807"
"108.70000","3.62293","7000.11328"
"108.80000","3.62696","7007.13184"
"108.90000","3.63008","7012.90674"
"109.00000","3.63311","7015.65820"
"109.10000","3.63734","7024.06982"
"109.20000","3.64006","7027.98145"
"109.30000","3.64298","7030.84375"
"109.40000","3.64712","7039.03809"
"109.50000","3.65024","7045.30908"
"109.60000","3.65327","7047.16748"
"109.70000","3.65730","7054.98535"
"109.80000","3.66032","7054.00195"
"109.90000","3.66365","7048.04053"
"109.94800","3.66556","6733.89746"
"109.95000","3.66556","6483.36426"
"109.95200","3.66576","6177.73340"
"109.95400","3.66586","5840.60303"
"109.95600","3.66597","5478.63184"
"109.95800","3.66617","5095.56006"
"109.96000","3.66627","4700.69922"
"109.96200","3.66647","4304.57715"
"109.96400","3.66667","3913.70654"
